{
    "IsEncrypted": false,
  "Values": {
    "AzureWebJobsStorage": "DefaultEndpointsProtocol=https;AccountName=babyvaccinestorage;AccountKey=3dsOgSMp8Z2VEZCsEUEDwQPuaJtkM2J2JiG2YRqeFA14GbL5s++AJnmY5ZqK+YLXiBG9pu+LuhoPsGwj7L0WAQ==;BlobEndpoint=https://babyvaccinestorage.blob.core.windows.net/;TableEndpoint=https://babyvaccinestorage.table.core.windows.net/;QueueEndpoint=https://babyvaccinestorage.queue.core.windows.net/;FileEndpoint=https://babyvaccinestorage.file.core.windows.net/",
    "FUNCTIONS_WORKER_RUNTIME": "dotnet",
    "DataSource": "grsqldbserver.database.windows.net",
    "UserID": "gr",
    "Password": "Qwert@123",
    "InitialCatalog": "BabyVaccine"
  }
}