<?xml version="1.0"?>
<doc>
    <assembly>
        <name>ApiAppAsConnectorForLogicApp</name>
    </assembly>
    <members>
        <member name="M:ApiAppAsConnectorForLogicApp.Controllers.MessageController.#ctor(ApiAppAsConnectorForLogicApp.IResponseFormatService)">
            <summary>
            Constrctor of controller intialize the depedency
            </summary>
            <param name="responseFormatService"></param>
        </member>
        <member name="M:ApiAppAsConnectorForLogicApp.Controllers.MessageController.SendMessage_Get(System.String)">
            <summary>
            Send text message using get request
            </summary>
            <param name="number"></param>
            <returns></returns>
        </member>
        <member name="M:ApiAppAsConnectorForLogicApp.Controllers.MessageController.TestApi">
            <summary>
            Tested api is working or not
            </summary>
            <returns></returns>
        </member>
        <member name="M:ApiAppAsConnectorForLogicApp.Controllers.MessageController.SendMessage(ApiAppAsConnectorForLogicApp.Controllers.Model)">
            <summary>
            Send text message using post request
            </summary>
            <returns></returns>
        </member>
        <member name="T:ApiAppAsConnectorForLogicApp.IResponseFormatService">
            <summary>
            Interface
            </summary>
        </member>
        <member name="M:ApiAppAsConnectorForLogicApp.IResponseFormatService.SetResponse(System.String,System.String,System.Object,System.Boolean,System.String)">
            <summary>
            Response setting method
            </summary>
            <param name="status"></param>
            <param name="balance"></param>
            <param name="result"></param>
            <param name="isQueueAdded"></param>
            <param name="queueExMsg"></param>
            <returns></returns>
        </member>
        <member name="T:ApiAppAsConnectorForLogicApp.ResponseFormat">
            <summary>
            Reponse formatter class
            </summary>
        </member>
        <member name="M:ApiAppAsConnectorForLogicApp.ResponseFormat.SetResponse(System.String,System.String,System.Object,System.Boolean,System.String)">
            <summary>
            Interface implemented method
            </summary>
            <param name="status"></param>
            <param name="balance"></param>
            <param name="result"></param>
            <param name="isQueueAdded"></param>
            <param name="queueExMsg"></param>
            <returns></returns>
        </member>
    </members>
</doc>
